# device: ttsim v1.3.4 (libttsim_wh.so, a virtual Wormhole) on the host CPU, with tt-metal 5280a9cf; simulator, not silicon; wall_s, program_s, and sim_rate_line are simulator wall time and the simulator's own rate: exploratory, sizing only, never performance
name	kind	example	loopback	rc	timed_out	stopped_reason	check	pcc	wall_s	program_s	maxrss_kib	peak_group_rss_kib	peak_tasks	peak_process_threads	cache_kib	cache_files	sim_classes	sim_first	jit_first	sim_rate_line	seeded_copy_in_cache	started_at	ended_at
clean-add_2_integers_in_riscv	clean	add_2_integers_in_riscv	down	0	False		none printed	None	1.39		100352.0	61440	267	257	2996	70	[]			0.4 seconds (12.1 KHz)		2026-09-26T14:09:52-0700	2026-09-26T14:09:53-0700
clean-loopback	clean	loopback	down	0	False		passed	None	1.42		102400.0	81920	269	257	3100	70	[]			0.5 seconds (15.8 KHz)		2026-09-26T14:09:54-0700	2026-09-26T14:09:55-0700
clean-eltwise_binary	clean	eltwise_binary	down	0	False		passed	None	1.64		116736.0	165888	273	257	6088	120	[]			0.5 seconds (21.1 KHz)		2026-09-26T14:09:55-0700	2026-09-26T14:09:57-0700
clean-eltwise_sfpu	clean	eltwise_sfpu	down	0	False		passed	None	1.49		110592.0	208896	296	257	6260	120	[]			0.5 seconds (19.5 KHz)		2026-09-26T14:09:57-0700	2026-09-26T14:09:59-0700
clean-matmul_single_core	clean	matmul_single_core	down	0	False		passed	0.9806516	3.73		106496.0	391168	276	257	5980	120	[]			2.7 seconds (135.7 KHz)		2026-09-26T14:09:59-0700	2026-09-26T14:10:03-0700
clean-matmul_multi_core	clean	matmul_multi_core	down	0	False		passed	0.99999344	2.9		106496.0	444416	285	257	6036	120	[]			1.9 seconds (7.8 KHz)		2026-09-26T14:10:03-0700	2026-09-26T14:10:06-0700
probe-add2	probe	add_2_integers_in_riscv	down	0	False		none printed	None	4.7		94208.0	405504	299	257			[]			1.5 seconds (3.1 KHz)		2026-09-26T14:10:06-0700	2026-09-26T14:10:11-0700
seed-ub-unaligned	seed	add_2_integers_in_riscv	down	1	False		none printed	None	1.44		102400.0	61440	266	257			[]				True	2026-09-26T14:10:12-0700	2026-09-26T14:10:14-0700
seed-ub-fence	seed	add_2_integers_in_riscv	down	1	False		none printed	None	1.43		100352.0	75776	268	257			['UnsupportedFunctionality']	UnsupportedFunctionality: decode_and_execute_fence: fence instructions do not enforce memory ordering on Wormhole and should not be used			True	2026-09-26T14:10:14-0700	2026-09-26T14:10:15-0700
seed-ub-fencei	seed	add_2_integers_in_riscv	down	1	False		none printed	None	1.38		102400.0	73728	268	257			['UnsupportedFunctionality']	UnsupportedFunctionality: decode_and_execute_fence_i: fence.i does not flush the instruction cache on babyrisc and should not be used			True	2026-09-26T14:10:15-0700	2026-09-26T14:10:17-0700
seed-gap-zicsr	seed	add_2_integers_in_riscv	down	1	False		none printed	None	1.44		102400.0	55296	263	257			['UndefinedBehavior']	UndefinedBehavior: decode_and_execute_csrrs: Wormhole does not support Zicsr			True	2026-09-26T14:10:17-0700	2026-09-26T14:10:19-0700
seed-gap-decode	seed	add_2_integers_in_riscv	down	1	False		none printed	None	1.4		102400.0	137216	282	257			['UndefinedBehavior']	UndefinedBehavior: decode_and_execute_unimplemented: could not decode instruction inst=0xffffffff at pc=0x8238			True	2026-09-26T14:10:19-0700	2026-09-26T14:10:20-0700
seed-gap-ecall	seed	add_2_integers_in_riscv	down	1	False		none printed	None	1.44		102400.0	139264	283	257			['UnsupportedFunctionality']	UnsupportedFunctionality: decode_and_execute_ecall_ebreak: inst=0x73			True	2026-09-26T14:10:20-0700	2026-09-26T14:10:22-0700
seed-gap-wfi	seed	add_2_integers_in_riscv	down	1	False		none printed	None	1.43		102400.0	92160	277	257			['UnsupportedFunctionality']	UnsupportedFunctionality: decode_and_execute_ecall_ebreak: inst=0x10500073			True	2026-09-26T14:10:22-0700	2026-09-26T14:10:24-0700
seed-jit-error	seed	add_2_integers_in_riscv	down	134	False		none printed	None	1.28		100352.0	36864	148	144			[]		2026-09-26 14:10:25.552 | critical | Always | TT_THROW: brisc build failed. Log: In file included from ../kernel_includes.hpp:1,		True	2026-09-26T14:10:24-0700	2026-09-26T14:10:25-0700
seed-hang	seed	add_2_integers_in_riscv	down	137	True	limit	none printed	None	131.0			73728	268	257			[]			23.2 seconds (430.2 KHz)		2026-09-26T14:10:25-0700	2026-09-26T14:12:37-0700
watcher-add2	watcher	add_2_integers_in_riscv	down	0	False		none printed	None	2.98		104448.0	251904	282	258			[]			0.8 seconds (13.3 KHz)		2026-09-26T14:12:37-0700	2026-09-26T14:12:40-0700
watcher-hang	watcher	add_2_integers_in_riscv	down	137	True	limit	none printed	None	131.06			141312	265	258			[]					2026-09-26T14:12:40-0700	2026-09-26T14:14:51-0700
sandbox-add2	sandbox	add_2_integers_in_riscv	down	134	False		none printed	None	0.47	0.09					0	0	[]					2026-09-26T14:14:51-0700	2026-09-26T14:14:52-0700
sandbox-add2-home	sandbox	add_2_integers_in_riscv	down	134	False		none printed	None	0.47	0.09					0	0	[]					2026-09-26T14:14:52-0700	2026-09-26T14:14:52-0700
sandbox-add2-threads16	sandbox	add_2_integers_in_riscv	down	0	False		none printed	None	1.75	1.32					2996	70	[]			0.1 seconds (31.2 KHz)		2026-09-26T14:14:53-0700	2026-09-26T14:14:54-0700
sandbox-eltwise_binary	sandbox	eltwise_binary	down	0	False		passed	None	1.83	1.42					6088	120	[]			0.2 seconds (42.1 KHz)		2026-09-26T14:14:55-0700	2026-09-26T14:14:56-0700
sfplm-on-eltwise_sfpu	sfplm	eltwise_sfpu	down	0	False		passed	None	1.54		106496.0	155648	293	257	6260	120	[]			0.5 seconds (22.3 KHz)		2026-09-26T14:14:57-0700	2026-09-26T14:14:58-0700
seed-ub-unaligned-unbuffered	seed	add_2_integers_in_riscv	down	1	False		none printed	None	1.39		104448.0	202752	285	257			[]				True	2026-09-26T14:14:58-0700	2026-09-26T14:15:00-0700
